Easy Peasy,零距離,屬於你,白晝將盡,Reset,門,絕對值,我反芻著你留下的寂寞,今天星期六,我就想你,好方法,一定會的,在地球爆炸之前,太陽雨,我要用黑魔法把你變成一隻魚,再一次就好,撲火的蝶,愚者,行星,騎士墜鬼馬,你討厭也沒關係,不能寂寞的人,我是你的Bling Bling,絕地花園,寂寞的大孩子,再說,我還沒有作好被打倒的準備,絕地花園,天真世界的叛徒－天真版,天真世界的叛徒－叛徒版,滯留鋒,Dear Star,平衡木,夏夜煙火,獨角仙的夢,不是因為天氣晴朗才愛你,你留給我的遺憾無以名狀,習慣不習慣,漂鳥,當我們的手勇敢緊握
又沒帶鑰匙出門去,難以忘記,每次遇見你 恰好的天氣,信仰荒蕪了城市以後,耳朵聽不見音樂 被塞滿垃圾郵件,關於我們該往哪走 總眾說紜紛,用一堂課 解一道題,我反芻著你留下的寂寞,今天星期六 Wake up without 鬧鐘,我想要你在我身邊,有沒有什麼好方法,熙來攘往人群中 向左向右或停留,冰河期如果都結束了 為什麼心不是熱的,雨聲淋濕了單人床,我要用黑魔法把你變成一隻魚,反覆地溫習 你留下的痕跡,白日裡的螢火蟲,旅行的起點不需要形狀,沒有行李 沒有目的 一個人旅行,二十八號 下午六點 尷尬的硬幣在口袋裡憋,我是怎麼了 又礙著你煩著你了,我們好像 都是那種不能寂寞的人,我是你的Bling Bling,你孤獨地冒險 任由寂寞氣味瀰漫盤旋,寂寞的大孩子 在薄暮中流浪,你總是喜歡一個人,鏡子裡 尷尬狼狽的我,你孤獨地冒險 任由寂寞氣味瀰漫盤旋,我沒有忘記怎麼善良,我沒有忘記怎麼善良,一連下了好幾天的雨,"Hey, my dear star",時光暫停 當你緩緩走近,怎麼結束一個夜不成眠的夏天,驕傲地活著 向晚的天空裡飛,不是因為天氣晴朗才愛你,你留給我的遺憾 無以名狀,日落的台北並不十分寧靜,他離開以後 已經換了幾個季,有沒有人懂我
找不到左邊的耳機,第一次牽起你,彷彿 早已 有了默契,人群掙扎索求 氧氣光線都衰弱,仇恨言論包圍 怎麼逃出生天,左不過熱度三分 右是太天真,用幾年青春 換不出我們的謎底,以為終究能消化成自由,正午的太陽有點兇 直穿我被窩,但距離怎麼看不清,把討厭的你給遺忘,下一個轉彎路口 通往貧瘠或肥沃,大洪水如果都退去了 為什麼我還窒息著,吵醒了光線微弱的房,有著炫彩斑斕的孔雀尾巴,總能讓我感到安心,照著鏡子看著自己認不得,只要心已經開始流浪,在無邊黑暗裡 直到耗盡勇氣,撕掉了又一頁日曆 蓋上又一碗泡麵,莫名其妙的沒有來由的 又要對我發脾氣了,不能一個人走在台北街頭的人,沒什麼道理 只想做你新男傭,你說你不怕黑 已習慣夜色相陪,未熄的星光陪著他說話,嚮往單純的生活,今天依然努力畫上笑容,你說你不怕黑 已習慣夜色相陪,只是學會在相信之前多一點武裝,只是學會在相信之前多一點武裝,月光照著你濕透的身影,喜歡看你笑容模樣,深邃的微笑是精靈的邀請,遺落的都已漸遠,身體還殘留著 土壤氣味,不是因為看見星星才想你,太過膚淺的青春 成了珍藏,燈火通明的巷弄裡 獨坐咖啡廳,窗外沒有下起雨,有沒有人在乎我
錢包放哪裡 天開始下雨,青春的溫度,隨太陽升起 每朵思念情緒,花火的殘燼憤怒依舊,毒蛇一般的嘴,關於我們該怎麼做 誰置喙太深,麈封日記 歪斜筆跡,而你已不回頭 你已不回頭,賴床再一個鐘頭,一陣秋風竄進了被窩,不懂愛情的傻瓜,我走得顛簸卻自由,世界必然有黑暗 一定也有光明存在,貓咪說：再不起床會變胖,頭頂掛著燈籠 亮晶晶,外套和日記 手錶或眼鏡,笑得再五光十色,他背起行囊 裝進天真理想,卻無人回應,破吉他在一邊 鑲的珠貝像從前耀眼,你是怎麼了 不想再說對不起了,霓虹燈造的夜色 鮮豔得很冰冷,再告訴你個秘密,遊走城市邊界 遍尋不著一個擁抱 溫柔以對,怎麼所愛的人 都不知去向,別忘了 在你最孤單的時候 有我在這,不是為誰 只為自己加油,遊走城市邊界 遍尋不著一個擁抱 溫柔以對,我沒有忘記何謂互相,我沒有忘記何謂互相,雨滴一點一滴 眼淚一點一滴,有些話 不必用言語表達,屏住呼吸 我們小心翼翼,再強揹都是累贅,高樓天際線 尖銳地割開夕陽的窗簾,不是因為剛好沒有別的事,你留給我的情話 依然滾燙,想像著你 是否也曾在此寫下詩句,也沒有陽光和他的消息,當我用盡力氣去做
雨傘迷路在剛剛的捷運,心跳聲音,帶著漂浮的自己 幻想牽著你,哀哉地控訴竊取時間的小偷,爭相嚼食著早顛倒的是非,究竟是玩火自焚 還是開創者,十七歲的秘密計算著我們的距離,我為何還原地守候,讓疲憊像塵?一樣一掃而空,又閉上眼睛,有沒有什麼好方法,手心緊握不放鬆 是抓住希望或傷痛,我是這樣相信著,於是起身推開窗,我要用黑魔法把你變成一隻魚,裝載你的氣息和我的回憶,好不獨特空有對翅膀又如何,手中的地圖沒標示方向,忘記了呼吸 直到誰的溫熱把我喚醒,它從沒改變 從沒改變,沒做錯什麼可愛又認真 到底哪裡惹到你了,誰都無法取代你擁抱的體溫,少了你擁有世界也不算什麼,努力勉強的笑臉 越傷痕累累,怎麼重要的回憶 都不見啦,我願意當你的話筒,做過些比宇宙大的夢,努力勉強的笑臉 越傷痕累累,只是習慣在擁抱之前多些觀察,只是習慣在擁抱之前多些觀察,沖走了你微笑的表情,一個微笑就是最好解答,擺放天平上完美劑量的濃郁,怎麼結束一個支離破碎的夏天,卻透不進光線,才一直一直一直,夜裡喔嗚喔喔喔 耶耶咿耶耶,用什麼詞彙描述我和你,安靜的巢裡 笑容銷聲匿跡,想像中完美那個我
手機電量紅色警訊,初戀風景 ,在每個夏季,灰佔據了眼底 抬頭不見星,噴射酸性毒液 對慾望狼吞虎嚥,誰也說不準,解不開的難題 原來是你,在每個午夜的夢 複習著你溫柔,今天星期六 Why I feel so alone,自己說原諒那些我們錯過的事,讓幼稚的你能長大,能再相信嗎 能再相信嗎,你說你也想要很好 但總是擔心做不到,想不起昨天陽光耀眼,圓的扁的胖的都可以,獨處的房間裡 我側耳傾聽,溫室裡的玫瑰,只有與生俱來的渴望,指引卻無法觸及,作文紙上 我的志願 什麼時候變成樁天大謊言,吃了炸藥 就待在家好好休息,我們好像 都是那種不能寂寞的人,So baby just go chilling with my body,再勇敢一點 潰堤的淚水 不代表妥協,寂寞的大孩子 踏著時間的海浪,只要你肯對我說,以為能把世界舉在肩頭,再勇敢一點 潰堤的淚水 不代表妥協,什麼是真的 什麼是假的,什麼是真的 什麼是假的,一連下了好幾星期的雨,"Hey, my dear star",我不是太擅長不著邊際的遊戲,珍貴的都已不見,有沒有一座花園 很美,在腦海裡複習,你留給我的美麗 無以名狀,等待月光為你鋪設路徑,我輕輕捧起貝殼,我沒那麼成熟
等不到他回我的訊息,關於你的回憶,我會是你特別佳賓,執迷推遲善意 萬籟皆俱寂,瞳孔辨不清真偽 被濾鏡瞎了雙眼,時代的巨輪 不停轉著 轉著,明明曾經靠近 我卻自作聰明,夜色已漸濃 我隻身穿梭迷霧中,都已經過十二點鐘 電話還沒通,心隨著時間滴答在漂流,把冰塊融化 把木頭變太陽,一定會的 我對自己這麼說,想狩獵驕傲和榮耀 卻害怕搆不著目標,今天的雨突然下得瘋癲,再送你一顆深海大鳳梨當玩具,以為是你聲音,再鮮豔不過調色盤上一滴血,沒想過投降 混蛋一樣地闖,那絕對的距離 投射光芒的你,夢有保存期限 生活不能刷卡就只能付現,如果更年期...... (你討厭我我更討厭你醜八怪),不能沒說晚安就做好夢的人,Let music be amazing,別讓自卑淹沒 你所有的視線,潮起潮落 淘走珍藏的時光,怎麼了 難道我們就只是個 普通朋友,狠摔了跟斗,別讓自卑淹沒 你所有的視線,什麼是對 什麼是錯,什麼是對 什麼是錯,發霉的房間裡開出一片寬廣森林,有時候也許感到徬徨,卻因你沉溺,你都已不見,光臘樹盛開鮮豔,擁抱你 什麼角度最合適,底片裡的我們活像夏卡爾的畫,讓我看看你那一雙 最愛笑的眼睛,再聽不到那年海的聲音,偶爾也會手足無措
暈船暈到南極 心變得冷冰冰,無法被代替,設計每一場 驚喜,末日醒悟人性 失明才看清,加塊變色鏡片 醜陋想法難道就變美,都什麼時候了,推不出的邏輯 為何是你,探尋你消失的行蹤,心裡有我還沒我,看著不同的生活裡,你什麼都好 但就是有個地方,一定會的 曙光驅散那灰濛的天空,生命必然有挫折 一定也有美好發生,我說：哎 這不就是台北,魚 你在我的腦海裡游來游去,卻是窗外微風 吹動的風鈴,演著孤芳自賞自艾自憐,受了傷還不停下 人們笑愚者多傻,我獨自盤旋在看得見你的軌道,能不再給我幾天 也許就一首歌的時間,被你討厭也沒關係 反正我也不是生來討你開心,沉默的月亮看著 睡不著也醒不來的,現在只想你聽我說,倔強跨越那些不完美,行囊輕盈啦 準備前往下個地方,You call me when you need,才知道自己從來不是英雄,倔強跨越那些不完美,長大後的我們 什麼都不知道了,長大後的我們 什麼都不知道了,你在樹下休息 偶爾翻閱些回憶,我知道 花花世界太複雜,平衡木上的愛情,我無從找起愛過你的理由,霧霾中睜開雙眼 卻看見,其實我 常會想像我們老了的樣子,你留給我的憂傷 只能吟唱,城市風景 又在你身上鑿刻什麼痕跡,我終究 不是他的天空,渴望自由卻一直閃躲
連行人都用眼神表達同情,不成熟的曾經,緊緊擁抱 你每段回憶,白晝將盡 破壞才有生機,道貌岸然的臉,醒著等待不如夢遊著往前 狂奔,深藏抽屜裡寫滿我遺憾的筆記,閃爍的路燈 不斷警告著我,好天氣竟然讓我一個人放空,找尋共同的記憶,特別讓人牙癢癢,一定會的 蔚藍之下盛開彩色的夢,何不努力讓渴望成真,啦啦啦啦啦啦 你就下吧,魚 察覺不到我溶化在水裡,嘲笑著我心又漾起漣漪,再精彩不過是類似你的左邊右邊,但不在乎終點模樣 才能開始得漂亮,仰望著你一圈再一圈的圍繞,和我同病相憐 同病相憐,我就要做自己 麻煩你滾一邊去,我 我們 需要彼此的我們,讓我成為你的Bling Bling,再坦然一些 白晝或黑夜 都值得紀念,只是身邊的人 你怎麼哭啦,For you l’m always free,不願生命 成一部悲劇小說,再坦然一些 白晝或黑夜 都值得紀念,我是來自天真世界的一名叛徒,我是來自天真世界的一名叛徒,偶爾只靜靜等待著雨停,我願意陪著你一起去闖,你左搖我右晃暈眩的香氣,預設的美好卻成失蹤人口,城市燈火炙烈,左邊牽著手 右手拉小狗,成了喔嗚喔喔喔 耶耶咿耶耶,是我未能參與,當他渴望湛藍和雲朵,害怕只能繼續做夢
Today only 這運氣今日限定,失去才懂珍惜,只要別懷疑 默數著 每次 你的呼吸,切莫溫馴地步入良夜,包藏的禍心卻隱隱在作祟,用力推開那一扇門,你的身影 遙不可及,別再深究 你離去的理由,"Oh my Saturday,",試著學會再相信愛情,要曖昧多久 才能讓你的心也不再流浪,寬容 你眼中不夠成熟的我,勇氣是唯一的方舟,你可以帶走憂傷,我是優雅的空氣,墜入時間漩渦裡,還不如當隻撲火的蝶,在每一個今天的笑容中醒來,我不能靠近 卻也不願遠離,騎士墜鬼馬 你要帶我飛向何方,你越討厭我越開心 被你這種人喜歡我才要擔心,再也不能寂寞了 自從愛介入我們,"Be my girl, cuz I love u and u know know know",去細數故事裡 無論甜美心碎,寂寞的大孩子啊,Looking forward to somebody,就算要我 屢敗屢戰得像個小丑,去細數故事裡 無論甜美心碎,誰會告訴我這是正確的路,誰會告訴我這是正確的路,讓我陪著你在這雨中旅行,親愛的你,往後一步曖昧卻和諧的距離,你沉默往黑夜逃走 懦弱過了頭,看我往前飛 看我一角劈開夏天,可能還有很多小孩子,誰的輕狂 在炎夏無處安放,你說我們已習慣這樣的距離,迎著風 揮動了翅膀去擁有遼闊,直到
大口深呼吸,時間磨去我們的鋒利,我和甜蜜 就會慢慢靠近你 靠近你,焰影裡翩翩起舞的人啊,過份扭曲的世界 誰來按下重啟鍵,橫衝直撞那又如何,偶爾的關心 多溫柔卻銳利,我反芻著你留下的寂寞,it's not the Saturday of yours,忘記了什麼時候,我一直在想 有沒有什麼好方法,執意把勇氣揮霍 才感到光榮,裝載音樂 充填笑容,你不能帶走我的倔強,啊 啊 如果你變成了魚,看著你 不必多說什麼也會微笑,他們都說你錯了 你不該撲火的,跨過昨日眼淚匯集的港灣,習慣在你影子裡遊戲我的孤寂,海市蜃樓還是香格里拉,我是不是和你 一樣頭殼有問題,也許時空暫時區隔 想念牽引著每個時刻,又比鬧鐘早起 又不想梳妝整理,傷口也能開出燦爛的玫瑰,他的掌紋曾是誰安睡的星空啊,Who treat you like a queen,我還沒有作好被打倒的準備,傷口也能開出燦爛的玫瑰,隱藏你的笑 你的哭,隱藏你的笑 你的哭,有時壞天氣沒有什麼原因,你是道獨一無二的星光,往前一步心就貼緊,逆轉的時鐘蒸發你的下落,劈開了 水泥和鋼鐵,其實我 不是因為好天氣才這麼說,誰的年華 又不甘孤芳自賞,習慣了用問候包裝求救,他終究 是場太美的夢,那天你來到我的天空
還是要 還是要笑著告訴自己,浩瀚星空無垠,每次道別離 偷偷凝望你,掏空了山與海 碎片裡尋找著出口,關掉蠻橫的自卑,疼痛證明活著,友情愛情 幾分之幾,以為終究能消化成自由,為什麼不懂我 難道愛我都是在吹牛,開始把你說的每一句話放在心上,每一個晚上 翻來又覆去直到天亮,生命如綿長阡陌 必經歷蜿蜒迷惑,倒數三秒 開始行動,啦啦啦啦啦啦 你就下吧,而我也變成了空氣,喜歡你 回望著我也上揚的嘴角,沒什麼 不過是有點特別,傻裡傻氣地在 每一個今天的夢想中醒來,你成為了定律我放棄了時間,時間的籌碼 全梭了太不像話,你是怎麼了 不想再說對不起了,再也不會寂寞了 好的未來就要來了,該不該穿個襯衫 頭髮點兒彎彎,誰再一次否決 再一次用謊言掩蓋歧見,寂寞的大孩子啊,只要陪在你的身邊,就算心淌著血 失去所有夢和眼淚,誰再一次否決 再一次用謊言掩蓋歧見,喜怒哀樂讓人看不清楚,喜怒哀樂讓人看不清楚,生命 總要人一再地練習,你無聲領航 愛的方向,平衡木上我和你,我無從找起愛過你的理由,飛回童年的鄉間,牽著你走過,樹遇火光 我們都無法躲藏,習慣想念用一句晚安帶過,而我終究會不再淚流...,趕走烏雲後畫上彩虹
"Easy peasy, lemon squeezy",如果能再遇見你,再見 用最短的距離,懸日枯萎在視線盡頭,關掉病態的自戀,悲傷幸運都是訪客,遲遲無法下筆 困在你給的圓周裡,而你已不回頭 你已不回頭,"Oh my Saturday,",才發現原來很久沒這樣,美好的想像 在腦海裡像電影般循環播放,才懂得微笑理由,在地球爆炸之前 我們還有多少時間,你儘管怎麼張狂,我們就不必再分離,再一次就好 我想我做得到,還不如當隻撲火的蝶,放手所有過去未來 只擁抱此刻的燦爛,轉過了一天過了一季過一年,世界別讓我看著自己的靈魂死亡,沒做錯什麼可愛又認真 到底哪裡惹到你了,相信著美好 它正在發生,太矮再配個Martin,不安於世的罪 是驕傲的註解,她的臉龐曾是誰親吻的花啊,聞著你的香味,攀著懸崖邊緣 疼痛已無所謂,不安於世的罪 是驕傲的註解,那就對了 這就是大人必備的技術,那就對了 這就是大人必備的技術,練習勇敢 練習把疼痛忘記,我因你學會驕傲堅強,來回時而欲墜幸運總時而降臨,停格畫面零碎成記憶煙火,跟我往前飛 在翅膀都風乾以前,大雨盛開水花的路口,以為的天堂 卻是行空的天馬,習慣獨自入夢,日落的時候 偶爾不自覺想起,滿天的星空開始閃爍
跌倒的姿勢要帥氣,你是否願意再與我同行,在我的星球 你是萬有引力,最後的禱文 懺悔不曾犯過的錯,關掉暴力和偏見 堆砌的霸權,好壞不需要誰認可,解不開的難題 原來是你,我為何還原地守候,不想再有期待 anymore,閉上眼看天空,"Oh, they tell me it's love",珍惜擁有 也得失去過才懂,口袋裡願望沒實現 現在就是最好機會,我就是我的晴朗,啊 啊 如果你是魚我是空氣,勇敢去擁有我們的美好,自得其樂好過無人知曉的凋萎,旅行的起點不需要形狀,你一如往常發著光 而我就這樣,誰還記得從前從前,吃了炸藥 就待在家好好休息,再也不會寂寞了,每天都是我的主場秀 為你精心準備我的主場秀,從現在起拒絕 一張張偽善臉孔 全都被打碎,寂寞的大孩子啊,我就會 窩屋窩屋窩,我不後退 哪怕輸了一切回到原點,從現在起拒絕 一張張偽善臉孔 全都被打碎,我是來自天真世界的一名叛徒,我是來自天真世界的一名叛徒,我會陪著你在這雨中旅行,親愛的你,我的膽小透明 乘著你溫柔勇氣,盛放了夏夜空 燃燒 然後墜落,能飛多遠 就飛更遠一點,也是我一樣喜歡的夢,你留給我的遺憾 無以名狀,卻不習慣你不在我左右,你是否已經在哪裡,當我們的手勇敢緊握
就算狼狽也要率性,零距離一顆星星 兩顆心,無論再小心仔細 卻已經留下,灰佔據了眼底 抬頭不見星,關掉多數的奪掠,選擇我的選擇,明明曾經靠近 我卻自作聰明,在每個午夜的夢 複習著你溫柔,但是下一個週末 還是想牽你去兜兜風,看不見記憶中那種浪漫,"Yeah, they tell me it is love",別怕我傷得太重 我一定會犯錯,不准你猶豫不決,空氣中潮濕的氣味,我就是你看似不必須卻不可或缺的,每個熟悉街景 都是你身影,沒什麼 我就是有點特別,只要心已經開始流浪,安靜地被遺忘,好結局的童話上演不上演,如果更年期......,我們好像 都是那種不能寂寞的人,拿著麥克風 我跟我自己說,迷霧散去的原野將風光明媚,他的掌紋曾是誰安睡的星空啊,再說 我喜歡你專注的側臉,我並不會作好被打倒的準備,迷霧散去的原野將風光明媚,勉強地融入 這謊言堆砌的國度,勉強地融入 這謊言堆砌的國度,直到微笑再次變得容易,我要給你一個大大的擁抱,一躍 安全降落愛情,餘燼再沒有你一絲挽留,去找回綠色的夏天,不是因為天氣晴朗才愛你,太過膚淺的青春 成了珍藏,習慣了用微笑代替揮手,擁抱了你真心嚮往的愛情,有一天 當你發覺
"Easy peasy, lemon squeezy",三個願望 四不分離,心動的痕跡,執迷推遲善意 萬籟皆俱寂,關掉虛偽的假面,誰知道下一扇門 通往哪裡呢,推不出的邏輯 為何是你,是我太執著 還是你也留戀卻不說,今天星期六 Put on my fancy coat,而是那說不出,有沒有什麼好方法,卻也一定會再成長很多,有翅膀就要飛 有翅膀就飛,配上戒不掉的咖啡,我要用黑魔法把你變成一隻魚,雲淡究竟怎麼風輕,沒什麼 我就是不想隨便地告別,他背起行囊 裝進天真理想,我獨自盤旋在看得見你的軌道,真心話大冒險 真心沒了硬著頭皮大冒險,被你討厭也沒關係 反正我也不是生來討你開心,不能獨自在咖啡廳等待日落的人,沒有觀眾也給你看個脫口秀,再勇敢一點 潰堤的淚水 不代表妥協,寂寞的大孩子啊,又為你著迷 有誰能夠比 No No No,就算心已破碎 反射月光照亮黑夜,再勇敢一點 潰堤的淚水 不代表妥協,掩飾每個錯 每個誤,掩飾每個錯 每個誤,我還會 在季風睡去的夜晚,黑夜過去 總會破曉,時光暫停 當你緩緩走近,也沒有我強求,成群的孩子 低著頭越過斑馬線,不是因為看見星星才想你,你留給我的情話 依然滾燙,在每個又要分開的時候,我終究 不是他的天空,全世界跟你作對的時候
人生不如意十之八七,午夜看流星雨劃過天際,我會是你秘密武器,末日醒悟人性 失明才看清,關掉甜膩的謊言,總要闖了才曉得,深藏抽屜裡寫滿我遺憾的筆記,貪婪至此不願放手 成了思念的魔,提前到了你家門口 還梳個油頭,我真的好喜歡你的遺憾,把你的笑好好珍藏,請放心地看著我 陪著我享受其中,在地球爆炸之前 再來一場華麗冒險,待辦事項總是一大堆,你用氣泡吐出一句我愛你,眼淚已隨時間 逐漸地乾涸,溫室裡的玫瑰,手中的地圖沒標示方向,仰望著你一圈再一圈的圍繞,讓我再許一個願 許他們白頭偕老不分別,我就要做自己 麻煩你滾一邊去,一杯全糖的溫熱 卻還是苦澀,你不懂070802 藏著多少秘密排列組合,別讓自卑淹沒 你所有的視線,她的臉龐曾是誰親吻的花啊,再說 我期待我們有那一天,不是倔強的刺蝟 是勇敢的蝴蝶,別讓自卑淹沒 你所有的視線,試圖成為人群中最安全的眾數,試圖成為人群中最安全的眾數,夢見你說 明天就要放晴,讓我牽著你翱翔 每一刻寬廣,深邃的微笑是精靈的邀請,我無從找起愛過你的理由,誰偷走了他們 頭上的星點,不是因為剛好沒有別的事,夜裡喔嗚喔喔喔 耶耶咿耶耶,習慣了遠距離,當他渴望湛藍和雲朵,要記得
?持?要鬆不要緊,再和你騎著火箭 往前進,趕走每一片 烏雲,白晝將盡 破壞才有生機,關掉鱷魚的眼淚,生命的旅程 多蜿蜒曲折,把負數變為正數,是我太執著 還是你也留戀卻不說,電鈴按半個鐘頭,不是我懷疑 而是我在意,我就想守護 你這個大寶藏,再繼續繼續往前走,偉大不一定卓越 有時只要瘋狂一點點,卻忍不住一直拖延,美好結局可不可以不只在夢裡,記憶裡的你卻越發清澈,再鮮豔不過調色盤上一滴血,只有與生俱來的渴望,我不能靠近 卻也不願遠離,時代的冷屁股 和我的熱臉,你越討厭我越開心 被你這種人喜歡我才要擔心,只是因為 一個人少了一個人,何不就你聽我唱如何 跟著旋律定義這個時刻,倔強跨越那些不完美,滲出的記憶染白了頭髮,那天我和你 不再有距離 No No No,我還能飛 就無懼遙遠,倔強跨越那些不完美,好不孤獨,好不孤獨,一連下了好幾個月的雨,"Hey, my dear star",屏住呼吸 我們小心翼翼,停格畫面零碎成記憶煙火,無止盡改變 今日的柏油昨日的森野,才一直一直一直,你留給我的美麗 也無以名狀,卻不習慣告訴你 我多需要你,迎著風 揮動了翅膀去擁有遼闊,原來的我
急剎車的公車司機,把你的美 收藏心底,保護著你 只要你願意,切莫溫馴地步入良夜,蒸餾出的罰與罪,可若不曾走過 怎麼留下一些什麼,畫上絕對值就能得出,貪婪至此不願放手 成了思念的魔,等著仙女下凡怎麼一個人也沒有,我只是在意你有沒有一樣在意我,你什麼都好 但就是有個地方,一定會的 曙光驅散那灰濛的天空,讓衝動自由蔓延 跨越夢的奇異點,窗外天色一片灰黑,魚 你在我的腦海裡游來游去,依然讓我心動著,演著孤芳自賞自艾自憐,沒想過投降 混蛋一樣地闖,習慣在你影子裡遊戲我的孤寂,騎士墜鬼馬 你要帶我飛向何方,我是不是和你 一樣頭殼有問題,再也不能寂寞了 自從愛介入我們,"I say wait, give me one more second",再坦然一些 白晝或黑夜 都值得紀念,故事也渲暈成晚霞,再說,世界擁有 千萬個擊潰我的理由,再坦然一些 白晝或黑夜 都值得紀念,時間 你為何帶來成長,什麼是真的 什麼是假的,麻木的心就像 摔落泥濘的紙飛機,喜歡看你笑容模樣,擺放天平上完美劑量的濃郁,盛放了夏夜空 燃燒 然後墜落,前進還是後退,在腦海裡複習,底片裡的我們活像夏卡爾的畫,為何看著你卻又沉默不語,他終究 是場太美的夢,美麗地綻放花朵
喝兩口就打翻的多多綠,你就是我星際旅行的目的地,勇敢說愛我 如果你也是這樣相信,箴言的嘴 也能將燭火給吹滅,關掉一切,用力推開那一扇門,卻卻不能 把不愛我的你,是我太執著 還是你也留戀卻不說,今天星期六 On my way to salon,到頭來 想著你的笑容是我最幸福的時候,特別讓人牙癢癢,一定會的 蔚藍之下盛開彩色的夢,腦海裡的藍圖多的很 什麼時候才能完成,但夢想是住在心裡面,魚 察覺不到我溶化在水裡,看著你 不必多說什麼也會微笑,再精彩不過是類似你的左邊右邊,受了傷還不停下 人們笑愚者多傻,你成為了定律我放棄了時間,海市蜃樓還是香格里拉,你現在就給我閉嘴 從今天起我再也不要,也許時空暫時區隔 想念牽引著每個時刻,Me and Bestards wanna kill it on the stage,去細數故事裡 無論甜美心碎,晚霞裡月亮輕輕牽著他,We always say good night,可我有不認輸的自由,去細數故事裡 無論甜美心碎,時間 你為何帶來成長,什麼是對 什麼是錯,雨為什麼不停 天空沒有回應,我知道 花花世界太複雜,我不是太擅長不著邊際的遊戲,餘燼再沒有你一絲挽留,有沒有一座花園 很美,擁抱你 什麼角度最合適,你留給我的憂傷 只能吟唱,忘記所有該表的情 該聊的甜蜜,而我終究會不再淚流...,而我們的愛
博愛座的阿姨 表情像燈籠魚,已錯過的愛情,那顆星星 就會永遠屬於你,造物的手 也可以選擇摧毀,"Reset, Reset, Reset, Reset……",橫衝直撞那又如何,變成 愛我的,貪婪至此不願放手 成了思念的魔,提前就約了好朋友 from San Francisco,又同樣回到,要曖昧多久 才能讓你的心也不再流浪,寬容 你眼中不夠完整的我,天殺的計畫又怎麼了 突如其來什麼波折,你說：只有自己能實現,我是優雅的空氣,喜歡你 回望著我也上揚的嘴角,還不如當隻撲火的蝶,但不在乎終點模樣 才能開始得漂亮,轉過了一天過了一季過一年,時間的籌碼 全梭了太不像話,再也不要逆來順受,再也不會寂寞了 好的未來就要來了,Hey 別急著先哽咽 面紙擦眼淚,傷口也能開出燦爛的玫瑰,走向 更遠的地方,聊到凌晨四點半也不算晚,我還沒有作好被打倒的準備,傷口也能開出燦爛的玫瑰,時間 你為何帶來成長,長大後的我們 什麼都不知道了,你不再哭 學著相信自己,我願意陪著你一起去闖,卻因你沉溺,也沒有我強求,光臘樹盛開鮮豔,其實我 常會想像我們老了的樣子,成了喔嗚喔喔喔 耶耶咿耶耶,好不容易 見上了一面卻又怯了情,而我留下一扇窗口,我要大聲地說
往波蘭的機票我立刻下訂,失去才懂珍惜,屬於你,箴言的嘴 也能將燭火給吹滅,"Reset, Reset, Reset, Reset……",疼痛證明活著,得不到的愛情 原來是你,是我太執著 還是你也留戀卻不說,想說今天難得週六,上一個下不停的大雨中,我一直在想 有沒有什麼好方法,執意把勇氣揮霍 才不覺錯過,旅程必然會迷惘 誰不是一路跌跌撞撞,啦啦啦啦啦啦 你就下吧,啊 啊 如果你變成了魚,再一次就好 我想我做得到,他們都說你錯了 你不該撲火的,在每一個今天的笑容中醒來,你一如往常發著光 而我就這樣,世界別讓我看著自己的靈魂死亡,我要以牙還牙以眼還眼以毒攻毒一二三四五六七八,相信著美好 它正在發生,讓我為你再唱一首歌 這專屬於你,我喜歡你無畏的雙眼,滲出的記憶染白了頭髮,我只想聽你再多說一點 就那麼一點,就算心淌著血 失去所有夢和眼淚,我喜歡你無畏的雙眼,又想狠狠帶走 最簡單的嚮往,我是來自天真世界的一名叛徒,讓我陪著你在這雨中旅行,親愛的你,平衡木上的愛情,我已想不起你的表情 在你走的時候,霧霾中睜開雙眼 卻看見,左邊牽著手 右手拉小狗,恨不得恨不得把你給忘了,討厭這樣的自己,不再為誰守候,不管多難也要一直走
Today only 這運氣今日限定,想念 光年外深深佔據,我也永遠屬於你,造物的手 也可以選擇摧毀,道貌岸然的臉,悲傷幸運都是訪客,就別再過份好奇 答案早已透明,貪婪至此不願放手 成了思念的魔,讓你睡到自然醒 怎麼手機突然震動,左邊肩膀這次沒濕透,鼓起勇氣吧 好不容易走到你身旁,一定會的 就算風雨反覆明滅燭火,由徬徨走向了堅強,你可以帶走憂傷,而我也變成了空氣,勇敢去擁有我們的美好,沒什麼 不過是有點特別,跨過昨日眼淚匯集的港灣,安靜地被遺忘,希望失望 盼望絕望,賞你一巴掌 喔耶,再也不會寂寞了,春天的綠葉 夏天的海 或是,再勇敢一點 潰堤的淚水宣言了明天,故事也渲暈成晚霞,你這個小壞壞,攀著懸崖邊緣 疼痛已無所謂,再勇敢一點 潰堤的淚水宣言了明天,不想再做天真世界的一名叛徒,誰會告訴我這是正確的路,有時壞天氣沒有什麼原因,你是道獨一無二的星光,你左搖我右晃暈眩的香氣,是掙扎得難以形容,城市燈火炙烈,可能還有很多小孩子,捨不得捨不得把你給丟了,是否我們已習慣之間的距離,只是有時習慣望著天空,多難也要一直走
再一個深呼吸,浩瀚星空無垠,不要忘記 被愛也有意義,箴言的嘴 也能將燭火給吹滅,包藏的禍心卻隱隱在作祟,好壞不需要誰認可,圓不了的結局 為何是你,我反芻著你留下的寂寞,"Oh my Saturday,",我戴著耳機,又說不出話 看著你我就變成了臉紅的啞巴,一定會的 顫抖著描繪生命的輪廓,勇氣是唯一的方舟,你不能帶走我的倔強,我們就不必再分離,喜歡你 就算旁人說有多麼可笑,還不如當隻撲火的蝶,傻裡傻氣地在 每一個今天的夢想中醒來,我沉睡時幻想 你就在我身旁,相同的程式碼 複製相同的傻瓜,被你討厭也沒關係 反正我也不是生來討你開心,我在沒有你的城市 追逐著你的影子,秋天的氣味 冬天的暖,曾劇烈的疼痛都會蛻變,晚霞裡月亮輕輕牽著他,Too bad to let you by my side,我不後退 哪怕輸了一切回到原點,曾劇烈的疼痛都會蛻變,若沒有了自己 還有什麼好在乎,隱藏你的笑 你的哭,生命 總要人一再地練習,無聲領航 愛的方向,往後一步曖昧卻和諧的距離,還是輕易得無地自容,看我往前飛 看我一角劈開夏天,其實我 不是因為好天氣才這麼說,你說愛情不過是種生物過程,為何總學不會 誠實地告訴你,,我沒那麼成熟
邊哭邊笑 邊哭邊笑,如果能再遇見你,當你想起 每一次相聚,造物的手 也可以選擇摧毀,窮凶惡極的世界,選擇我的選擇,淡去的背影 嘲笑我 多無能為力,以為終究能消化成自由,it's not the Saturday of yours,躲避著不同世界的人群,"Oh, they tell me it's love",承諾 再辛苦也要一起走過,裝載音樂 充填笑容,啦啦啦啦啦啦 你就下吧,啊 啊 如果你是魚我是空氣,愛著你 就算世界與我為敵也好,自得其樂好過無人知曉的凋萎,放手所有過去未來 只擁抱此刻的燦爛,清醒卻發現 你仍然遠方,傻瓜不傻 傻瓜很棒,我就要做自己 麻煩你滾一邊去,傻傻期待 每一個你光臨的日子,"In my eyes, getting closer",我們不完美 所以完美,往不寂寞的天堂,I want to know you,我並不會作好被打倒的準備,我們不完美 所以完美,只想記住怎麼笑 怎麼哭,喜怒哀樂讓人看不清楚,練習勇敢 練習把疼痛忘記,我因你學會驕傲堅強,往前一步心就貼緊,,劈開了 水泥和鋼鐵,牽著你走過,別一再受困 顯得太愚蠢,總在一些太黑的夜裡 盼著你的關心,,偶爾也會手足無措
這樣告訴自己,你是否願意再與我同行,當你懷念 我小小心意,箴言的嘴 也能將燭火給吹滅,誰來按下重啟鍵,誰知道下一扇門 通往哪裡呢,,而你已不回頭 你已不回頭,為什麼不懂我 難道愛我都是在吹牛,再一次 聽可能和妳相同的旋律,"Yeah, they tell me it is love",穿越黑夜的盡頭 讓故事雋永,倒數三秒 開始行動,你儘管怎麼張狂,我就是你看似不必須卻不可或缺的,再一次就好 我一定做得到,沒什麼 我就是有點特別,在每一個今天的笑容中醒來,你聽見了嗎 我在這裡歌唱,在絕望裡記得最初的希望,我比你討厭我討厭你 被你這種人喜歡我才要擔心,愛著你 我成了不能寂寞的人,我們就這樣靠近 然後轉角愛相遇,再坦然一些 白晝或黑夜都值得紀念,,What you really want really want,就算心已破碎 反射月光照亮黑夜,再坦然一些 白晝或黑夜都值得紀念,讓每個夢每滴淚都銘心刻骨,那就對了 這就是大人必備的技術,我會陪著你在這雨中旅行,親愛的你,平衡木上我和你,,飛回童年的鄉間,大雨盛開水花的路口,說完便轉身 親吻下一雙嘴唇,倔強說我可以 距離不是問題,,渴望自由卻一直閃躲
"Easy peasy, lemon squeezy",零距離一顆星星 兩顆心,屬於我 你每個晴天和每個壞天氣,造物的手 也可以選擇摧毀,關掉蠻橫的自卑,總要闖了才曉得,,我為何還原地守候,"Oh my Saturday,",你在哪裡 我想你,你是不是還在等一個很好的天氣,,在地球爆炸之前 我們還有多少時間,我就是我的晴朗,,勇敢去擁有我們的美好,沒什麼 我就是不想隨便地告別,跨過昨日眼淚匯集的港灣,一個人一個星球等待你一個回答,騎士墜鬼馬 不管你飛向什麼鬼地方,我是不是和你 一樣頭殼有問題 你的頭殼有問題,再也無法習慣一個人,請你不要怕安靜 因為,去珍惜故事裡 所有甜美心碎,,You call me when you need,不是倔強的刺蝟 是勇敢的蝴蝶,去珍惜故事裡 所有甜美心碎,真的夠了 成人世界虛偽得讓我想吐,我是來自天真世界的一名叛徒,直到微笑再次變得容易,我要給你一個大大的擁抱,來回時而欲墜幸運總時而降臨,,跟我往前飛 在翅膀都風乾以前,也是我一樣喜歡的夢,你留給我的遺憾 無以名狀,卻在獨處時忍不住哭泣,,害怕只能繼續做夢
跌倒的姿勢要帥氣,三個願望 四不分離,我的微笑 也會永遠屬於你,,關掉病態的自戀,關於我們該往哪走 關於我們該怎麼做,,在每個午夜的夢 複習著你溫柔,不想再有期待 anymore,簡單的幾句不夠表明,(非常晴朗的天氣),,口袋裡願望沒實現 現在就是最好機會,啦啦啦啦啦啦 你就下吧,,這一次換我守護你 好不好,,傻裡傻氣地在 每一個今天的夢想中醒來,也許有天時間把願望都埋葬,我都恣意放肆大聲歌唱,我就是討厭你,再也不能寂寞了 自從愛介入我們,我是你的Bling Bling,傷口已然開出燦爛的玫瑰,,For you l’m always free,我還能飛,傷口已然開出燦爛的玫瑰,不想再做天真世界的一名叛徒,勉強地融入 這謊言堆砌的國度,我還會 在季風睡去的夜晚,黑夜過去 總會破曉,我的膽小透明 乘著你溫柔勇氣,,能飛多遠 就飛更遠一點,牽著你走過,太過膚淺的青春 成了珍藏,習慣了遠距離,,直到
就算狼狽也要率性,午夜看流星雨劃過天際,屬於你,,關掉暴力和偏見 堆砌的霸權,關於我們該往哪走 關於我們該怎麼活,,到什麼時候 我才能向前走,但是下一個週末 還是想牽你去兜兜風,將所有思念藏在這支筆,你是不是還在等一個很美的風景,,不准你猶豫不決,你可以帶走憂傷,,,,放手所有過去未來 只擁抱此刻的燦爛,只留下我為你踱步的殘響,時間的籌碼 全梭了那又怎麼樣,,也許時空暫時區隔 想念牽引著每個時刻,沒什麼道理 只想做你新男傭,,,Looking forward to somebody,若有一天 生命的盡頭不可避免,,不願再接受 名為成熟的束縛,掩飾每個錯 每個誤,夢見你說 明天就要放晴,讓我牽著你翱翔 每一刻寬廣,平衡木上的愛情,,去找回綠色的夏天,大雨盛開水花的路口,你留給我的情話 依然滾燙,卻不習慣告訴你 我多需要你,,那天你來到我的天空
"Easy peasy, lemon squeezy",再和你騎著火箭 往前進,屬於你,,關掉多數的奪掠,關於我們該往哪走 總眾說紜紛,,,我看不清 是真愛還是暈,習慣了你習慣的,(或許在某個花園裡),,有翅膀就要飛 有翅膀就飛,你不能帶走我的倔強,,,,,你一如往常發著光 而我就這樣,最起碼不必看著自己的靈魂死亡,,再也不會寂寞了 好的未來就要來了,再告訴你個秘密,,,Who treat you like a queen,回首不求眷戀 只求無一點悔,,時代再殘酷 再荒蕪,試圖成為人群中最安全的眾數,,親愛的你,你左搖我右晃暈眩的香氣,,小時候幻想穿上了鎧甲去冒險,也是我一樣喜歡的夢,夜裡喔嗚喔喔喔 耶耶咿耶耶,,,趕走烏雲後畫上彩虹
人生不如意十之八七,把你的美 收藏心底,,,關掉虛偽的假面,關於我們該怎麼做 誰置喙太深,,,就快星期一 還不發生點新奇的事情 到底？,每個傷 每個步調 每個你不想要,你是不是還在等一個很好很好的人,,在地球爆炸之前 再來一場華麗冒險,啦啦啦啦啦啦 你就下吧,,,,,安靜地被遺忘,,,相信著美好 它正在發生,少了你擁有世界也不算什麼,,,只要陪在你的身邊,我還沒有作好被打倒的準備,,這一刻我們終於踏上歸途,好不孤獨,,你是道獨一無二的星光,往後一步曖昧卻和諧的距離,,去尋找一座藏著寶藏的森林裡,,你留給我的美麗 也無以名狀,,,滿天的星空開始閃爍
?持?要鬆不要緊,你就是我星際旅行的目的地,,,關掉甜膩的謊言,關於我們該往哪走 有誰來揣測,,,我不想要每個週六 都不知道你在做什麼,人走了一樣什麼都還在,那就是我 我就在這裡,,偉大不一定卓越 有時只要瘋狂一點點,你儘管怎麼張狂,,,,,滿足地被遺忘,,,再也不會寂寞了,So baby just go chilling with my body,,,聞著你的香味,就算心淌著血 失去所有夢和眼淚,,不再辜負 與生俱來的自由天賦,時間 你為何帶來成長,,無聲領航 愛的方向,往前一步心就貼緊,,我們跳舞 我們遊戲著 笑臉,,底片裡的我們活像夏卡爾的畫,,,當我們的手勇敢緊握
"Easy peasy, lemon squeezy",穿越蟲洞回到過去,,,關掉鱷魚的眼淚,關於我們該怎麼活 該怎麼選擇,,,只看著美美的你 在沒我的照片 吃小美冰淇淋,閉上眼看天空,現在告訴我 你也願意,,讓衝動自由蔓延 跨越夢的奇異點,我就是我的晴朗,,,,,幸福的被遺忘,,,兩人的美好 總會到達的,Let music be amazing,,,我就會 窩屋窩屋窩,攀著懸崖邊緣 疼痛已無所謂,,,又想狠狠帶走 最簡單的嚮往,,我為你感到驕傲堅強,平衡木上我和你,,長大卻發現世界不如想像完美,,你留給我的憂傷 只能吟唱,,,有一天 當你發覺
跌倒的姿勢要帥氣,讓遺憾 再次美麗,,,蒸餾出的罰與罪,我知道 就夠了 我要,,,你不該忘記我們的第一次見面,看不見記憶中那種浪漫,我一直在想 有沒有什麼好方法,,在地球爆炸之前 我們還有多少時間,,,,,,,,,只要我們深愛著,現在只想你聽我說,,,再說 我喜歡你專注的側臉,我不後退 哪怕輸了一切回到原點,,,不想再做天真世界的一名叛徒,,親愛的你,來回時而欲墜幸運總時而降臨,,大人說砍下樹木就會流出金錢,,成了喔嗚喔喔喔 耶耶咿耶耶,,,全世界跟你作對的時候
就算狼狽也要率性,零距離一顆星星 兩顆心,,,關掉一切,用力推開那一扇門,,,小鹿亂撞到午夜,而是那說不出,每一個晚上 翻來又覆去直到天亮,,恐龍們會不會也後悔當初有夢沒實現,,,,,,,,,,讓我成為你的Bling Bling,,,又為你著迷 有誰能夠比 No No No,我並不會作好被打倒的準備,,,若沒有了自己 還有什麼好在乎,,我要給你一個大大的擁抱,我的膽小透明 乘著你溫柔勇氣,,我的夢卻要破碎,,,,,要記得
"Easy peasy, lemon squeezy",三個願望 四不分離,,,關掉對立的標籤,橫衝直撞滿身傷痕,,,"Oh my Saturday,",我真的好喜歡你的遺憾,美好的想像 在腦海裡像電影般循環播放,,心裡的火山煮沸,,,,,,,,,,"Be my girl, cuz I love u and u know know know",,,再說 我期待我們有那一天,就算心已破碎 反射月光照亮黑夜,,,只想記住怎麼笑 怎麼哭,,黑夜過去 總會破曉,一躍 安全降落愛情,,不能妥協,,,,,原來的我
人生不如意十之八七,午夜看流星雨劃過天際,,,關掉藏刺的笑靨,至少我很快樂,,,I just wanna make it also yours,不是我懷疑 而是我在意,"Oh, they tell me it's love",,生命就該浪費 在美好瞬間,,,,,,,,,,有多少顆的行星 繞著你轉,,,那天我和你 不再有距離 No No No,不是倔強的刺蝟 是勇敢的蝴蝶,,,讓每個夢每滴淚都銘心刻骨,,讓我牽著你翱翔 每一刻,我的膽小透明 乘著你溫柔勇氣,,看我往前飛 看我一角劈開夏天,,,,,美麗地綻放花朵
?持?要鬆不要緊,再和你騎著火箭 往前進,,,關掉人們流的血 灌溉的花蕊,悲傷幸運都是過程,,,想配合你更多 怎麼好像反而有點囧,我只是在意你有沒有一樣在意我,And I know that it is love,,在地球爆炸之前 再來一場華麗冒險,,,,,,,,,,多了溫暖也多了負擔,,,再說,我還能飛 到那更遙遠,,,真的夠了 成人世界虛偽得讓我想吐,,,一躍 安全降落愛情,,劈開了 水泥和鋼鐵,,,,,而我們的愛
,把你的美 收藏心底,,,關掉互相傷害的行為,好壞有我自己認可,,,"Oh my Saturday,",到頭來 想著你的笑容是我最幸福的時候,,,有你陪在我身邊 就不怕再瘋狂一點點,,,,,,,,,,錯過了多少次的回憶 留在雲端,,,有誰能暸解你的心,到那更遙遠,,,不想再做天真世界的一名叛徒,,,,,立起旗桿挑戰整個世界,,,,,我要大聲地說
,你就是我星際旅行的目的地,,,關掉無止盡的慾念,選擇我的選擇,,,it's ok coz I'll always be yours,閉上眼看天空,,,讓衝動自由蔓延 跨越夢的奇異點,,,,,,,,,,是個理想也是個混蛋,,,不僅是在他口頭上,到那更遙遠,,,不願再接受 名為成熟的束縛,,,,,跟我往前飛 在翅膀都風乾以前,,,,,不管多難也要一直走
,,,,關掉無止盡的傷悲,誰知道下一扇門 通往哪裡呢,,,下個星期六 還是一樣想你到發瘋,看不見記憶中那種浪漫,,,,,,,,,,,,,一個人寂寞落魄 只剩囉嗦 開始做作,,,我願意為你少說一句,,,,時代再殘酷 再荒蕪,,,,,能飛多遠 就飛更遠一點,,,,,不再逃避忍受
,,,,關掉遺憾的重演,,,,,而是那說不出,,,,,,,,,,,,,你卻在那幸災樂禍,,,只專心聆聽,,,,這一刻我們終於踏上歸途,,,,,去找回綠色的夏天,,,,,不再選擇沈默
,,,,關掉昨天和明天,,,,,我真的真的好喜歡 好喜歡你呦,,,,,,,,,,,,,不說你也不懂 不必驚恐 只是作秀,,,你總是喜歡一個人,,,,不再辜負 與生俱來的自由天賦,,,,,,,,,,不再對愛放手
,,,,打開今天,,,,,就算是過了很久,,,,,,,,,,,,,It’s not a big deal,,,嚮往單純的生活,,,,,,,,,,,,,,再次錯過 迷失了自我
,,,,打開今天,,,,,回到那依舊,,,,,,,,,,,,,這是定律也是我們命中注定,,,別忘了 在你最孤單的時候 有我在這,,,,,,,,,,,,,,有一天 當你發覺
,,,,打開今天,,,,,情不自禁的想著你的笑容,,,,,,,,,,,,,1.5億公里距離 說不遠也不近,,,我願意當你的話筒,,,,,,,,,,,,,,全世界跟你作對的時候
,,,,打開今天,,,,,,,,,,,,,,,,,,你是我的陽光和水 我所需要的氧氣,,,只要你肯對我說,,,,,,,,,,,,,,要記得
,,,,,,,,,,,,,,,,,,,,,,The most beautiful planet is what I gave you a gift,,,怎麼了 難道我們就只是個 普通朋友,,,,,,,,,,,,,,原來的我
,,,,,,,,,,,,,,,,,,,,,,讓我為你再唱一首歌 這專屬於你,,,,,,,,,,,,,,,,,美麗地綻放花朵
,,,,,,,,,,,,,,,,,,,,,,春天的綠葉 夏天的海 或是,,,,,,,,,,,,,,,,,而我們的愛
,,,,,,,,,,,,,,,,,,,,,,秋天的氣味 冬天的暖,,,,,,,,,,,,,,,,,我要大聲地說
,,,,,,,,,,,,,,,,,,,,,,"In my eyes, getting closer",,,,,,,,,,,,,,,,,不管多難也要一直走
,,,,,,,,,,,,,,,,,,,,,,我們就這樣靠近 然後轉角愛相遇,,,,,,,,,,,,,,,,,多難也要一直走
,,,,,,,,,,,,,,,,,,,,,,請你不要怕安靜 因為,,,,,,,,,,,,,,,,,
,,,,,,,,,,,,,,,,,,,,,,我是你的Bling Bling,,,,,,,,,,,,,,,,,
,,,,,,,,,,,,,,,,,,,,,,只想做你新男傭,,,,,,,,,,,,,,,,,
,,,,,,,,,,,,,,,,,,,,,,再告訴你個秘密,,,,,,,,,,,,,,,,,
,,,,,,,,,,,,,,,,,,,,,,擁有世界也不算什麼,,,,,,,,,,,,,,,,,
,,,,,,,,,,,,,,,,,,,,,,So baby just go chilling with my body,,,,,,,,,,,,,,,,,
,,,,,,,,,,,,,,,,,,,,,,Let music be amazing,,,,,,,,,,,,,,,,,
,,,,,,,,,,,,,,,,,,,,,,現在只想你聽我說,,,,,,,,,,,,,,,,,
,,,,,,,,,,,,,,,,,,,,,,讓我成為你的Bling Bling,,,,,,,,,,,,,,,,,
,,,,,,,,,,,,,,,,,,,,,,"Be my girl, cuz I love u and u know know know",,,,,,,,,,,,,,,,,
